29;ambient_mp3$b287631349cc21b5137da0b6f2f2310e-1704366713
46;chest_png$48fdbbb6aca9066de9f1aede2eddcc21-821604372
43;leftHand_png$84cf40695f5fb3464d7bb5a583746b95-698058335
37;autotiles_png$464893e4bb0166785d1adae199299875700566007
51;release_mp3$96a951f36351f34f806f4cb9b08cfb6f978416532
32;rings_png$2b325011bd78d08e32521c01a108073c800246702
31;cadence2_mp3$61e3ef6a1ca150c64bf4fe8674b1ad3b-1327673050
35;feather_png$4caa5e79528aa239a4e9bd68bcefb0df-163723762
45;leftThigh_png$27cbd2d1db46269ec83e63654d283fa5658481058
15;delicious_png$dd2b81dfe3aa46822ec4a6e9ae72b0b02026596962
4;key_p_png$8b22b8da96d25a9c95fd565893066286-902464423
17;mountain1_png$8bfb24789640ae588f054ed0f02a9e5f296594223
27;cursor_png$ef0c22bd0544adcfb8829f6edc757d191412764363
30;gull_mp3$586b04fac0f888411a08b971d59022fd-705878667
36;autotiles_alt_png$fbf2f7a921b1228ecd65b3c3f0612fb9-2084686359
2;beep_mp3$f187031c16735dc92ee9216066fe7bd1500019807
12;digg_png$332c1a1786cbdaa9ba0f796aac9527301661531162
42;head_png$362df3fb088cf3414e2d085bb575f9f5455707643
49;aah_mp3$291b95692f405cc4699b063bd39466fe-2060554793
53;grip_mp3$1367d5c0592564c05562933ea2e64bee822757129
28;smoke_png$1e8d492cc895b12520bfe9ca77cfb495-2123087294
34;gull_layout_png$155bd3da3d865cc316e2ac964b8f75b71657128310
22;cadence_mp3$4d43abe6d028cad214fbf3b8cd1f9c20-1844628466
11;twitter_png$6cf519512db02f173578ec97b45dfe48106554548
33;Win_png$3f429544579aaed724378cc69c9b44ca1412345751
48;rightHand_png$fa1ef97bd8ea221f2177fbf75df530c62138305798
10;reddit_png$7756ddc04e1e7ae13897818fb224f902437073347
14;close_png$faca405c5137cb63b3a3e455e73c1b08-2068212943
5;key_minus_png$01a584528204ff7e340ed66930d0244e404822873
41;leftCalf_png$38c2020b8f945b737be14ff0195d2e5b-1062675942
39;grunt_mp3$3fcf8666308035bb57ed335314e3b63f-1107344657
50;leftArm_png$a063c1a14ad589ff61cdd88471c612381820694840
6;key_plus_png$ef8080a89a3d1d6970aca137802fbd371620365927
25;mountain2_png$1bd37e935e5cdd87a054e6ce5438e3e3297763752
7;key_0_png$e7dc1dcf1bf8bf92302624f4e08fc8c3-844407655
40;rightThigh_png$5e173581e12bbcd950bdc42badbe7ef4-61671811
18;splash_mp3$1b28f833200bf8d020ecab86998fc81f20569468
1;flixel_mp3$077908dd1f716c1ea84530a3d13b40d6-1986906323
44;rightShoulder_png$f513b78a27a32fb588c78d67574ed3ed1983439543
8;title_png$131e92d6d7f73ee273dcbf06709c0c9c-2107636165
47;rightArm_png$af2ef6b08007cb3669f0637dcd685943779611451
9;stumble_png$c3c418c75b2a736cce207a9c9ac71e80149971019
23;mapCSV_Group1_Map1_csv$6a97ef4fa762f42dcd56d54d28e200da-1011577238
24;mountain3_png$adbd7ed61a3b7b09542abc51b7ea02a4293706281
21;gradient_jpg$f6267fb6aab34be3e33651371e090057316389146
26;ladder_png$c371f20cc79047e7632e8be613984984-884163147
54;Lose_png$4a74a186f3fc1d2289a72ae88acc4cba1746161344
13;donate_png$6214e2e7f0f2ef3dd5aed4cead1b1937167252076
38;rightCalf_png$9af8dafe55b2b0372fe36ba6c636a4651770280959
3;nokiafc22_ttf$27758b020176de349cab4b0011bd0214-256531607
19;mapCSV_Group2_Map1_csv$92d74ccc1128f9f247b20758db429c6c906166411
20;rocks9_png$b9613f89d5ba77b3a88586a5f51fb6b8908740078
52;leftShoulder_png$158e90fee666b7e461b62fc7f46bee9b-1277108142
16;Adore64_ttf$bc1e35d91db6fafdc1a0131a1af022d4-69854982
0;Zeno
